RECORD_NO,LISTING_ID,HOST_ID
2015-001070STR,3946571,
2015-001079STR,8739,7149
2015-001087STR,4013746,93238
2015-001096STR,992676,3306715
2015-001102STR,719431,783438
2015-001104STR,680288,3463569
2015-001112STR,845480,4393613
2015-001147STR,678556,3453060
2015-001153STR,25662,106005
2015-001160STR,2387068,12192591
2015-001161STR,6435497,930744
2015-001177STR,150848,726513
2015-001180STR,1080408,
2015-001180STR,1043282,
2015-001200STR,770991,258005
2015-001223STR,207980,1023546
2015-001285STR,3200885,
2015-001287STR,277339,1448282
2015-001291STR,728585,3780377
2015-001303STR,3664261,2555455
2015-001305STR,392543,1963037
2015-001333STR,1550913,497158
2015-001336STR,1510363,7303214
2015-001343STR,4526608,746254
2015-001344STR,3111016,
2015-001344STR,2066085,
2015-001425STR,504146,2486135
2015-001426STR,3712200,
2015-001426STR,4051455,
2015-001433STR,4695477,8812791
2015-001441STR,1484792,
2015-001461STR,598271,2544752
2015-001471STR,273530,99128
2015-001490STR,12522,18431
2015-001528STR,666620,1841167
2015-001538STR,1931763,9999808
2015-001590STR,708731,3645596
2015-001649STR,2559297,12707660
2015-001675STR,2486953,12726391
2015-001733STR,41172,53314
2015-001750STR,114401,580606
2015-001767STR,647360,3245648
2015-001817STR,25612,
2015-001846STR,11949198,63794442
2015-001991STR,1985338,30250
2015-001993STR,4287481,357468
2015-002030STR,2968738,140461
2015-002035STR,1336973,
2015-002041STR,1855096,9011470
2015-002043STR,1520929,8055897
2015-002045STR,592883,1776403
2015-002052STR,5193689,26866124
2015-002106STR,1535946,8191087
2015-002168STR,38416451,739859
2015-002183STR,2049955,58930
2015-002187STR,191632,583207
2015-002193STR,2557977,
2015-002209STR,1277771,6954280
2015-002247STR,1857226,5480373
2015-002264STR,216042,1115353
2015-002287STR,16602539,3608449
2015-002320STR,208831,1028577
2015-002324STR,23452479,126644773
2015-002539STR,1777429,648553
2015-002541STR,593253,2929255
2015-002551STR,1724819,9091173
2015-002602STR,18904,72464
2015-002615STR,6713990,18818082
2015-002662STR,2042095,3198527
2015-002682STR,12463556,13499994
2015-002707STR,3549398,17827693
2015-002729STR,1759087,9248549
2015-002742STR,1261074,6868911
2015-002744STR,3325741,6777297
2015-002746STR,465723,305557
2015-002748STR,314248,1614566
2015-002753STR,2315086,11804983
2015-002757STR,1056844,757108
2015-002781STR,23630,93257
2015-002782STR,437385,2172763
2015-002812STR,1460628,7828423
2015-002854STR,2516026,12678886
2015-002909STR,3870174,180342
2015-002915STR,19417708,62034618
2015-002978STR,4607282,7895922
2015-003018STR,1935904,
2015-003054STR,1655446,8776667
2015-003082STR,2172308,11082476
2015-003096STR,3811916,19595581
2015-003218STR,727866,1743076
2015-003272STR,53280,126263
2015-003276STR,4215907,5440227
2015-003280STR,1525886,8141679
2015-003285STR,746079,1567365
2015-003290STR,1954514,5080229
2015-003313STR,87640,479857
2015-003318STR,5094146,304426
2015-003321STR,14505006,8237509
2015-003389STR,77175,395569
2015-003390STR,968046,5284406
2015-003392STR,238190,285168
2015-003394STR,4936887,3442905
2015-003395STR,23804136,5244284
2015-003396STR,5918090,676500
2015-003402STR,2047469,10220182
2015-003414STR,1907229,2345833
2015-003431STR,1005642,4085271
2015-003433STR,295240,1525192
2015-003475STR,3112427,15816020
2015-003480STR,7309852,14950298
2015-003488STR,937842,2488180
2015-003503STR,845502,24215
2015-003505STR,3534282,1393654
2015-003510STR,998701,5488987
2015-003517STR,33457138,694440
2015-003562STR,1641060,6869592
2015-003602STR,6238514,6249565
2015-003627STR,859336,
2015-003684STR,5413930,24153978
2015-003735STR,28160772,212709106
2015-003738STR,6505426,18949688
2015-003777STR,4243837,21915488
2015-003802STR,351881,1781821
2015-003859STR,280549,1454829
2015-003867STR,991765,5446518
2015-003895STR,6643496,25709934
2015-004013STR,29421648,2463273
2015-004046STR,11888682,8280568
2015-004054STR,6514826,27061527
2015-004087STR,7856443,6076870
2015-004090STR,3250486,3761768
2015-004095STR,1450899,7183434
2015-004097STR,2096756,
2015-004134STR,2362619,5753603
2015-004161STR,6423158,33511564
2015-004174STR,5849626,7221947
2015-004189STR,63247,290120
2015-004233STR,568161,2795397
2015-004338STR,3333870,16831526
2015-004393STR,3689368,15698216
2015-004477STR,1830541,9574679
2015-004482STR,1421774,1513493
2015-004485STR,808919,3022475
2015-004487STR,5222044,107595
2015-004530STR,1183521,5929123
2015-004606STR,561148,2758480
2015-004712STR,8351923,8146166
2015-004757STR,795254,4189517
2015-005070STR,21189031,72810477
2015-005088STR,1421937,7526456
2015-005112STR,3324760,16785840
2015-005143STR,3176619,16108021
2015-005162STR,6092596,31603026
2015-005169STR,13936968,
2015-005296STR,4527553,1502207
2015-005343STR,1618782,172177
2015-005369STR,6628985,2686174
2015-005455STR,470686,2335495
2015-005521STR,21862244,130921045
2015-005635STR,43488825,8597535
2015-005644STR,33134275,241554551
2015-005675STR,4808522,16222607
2015-005702STR,1728497,100800
2015-005736STR,1598872,8523981
2015-005739STR,6272816,7965809
2015-005758STR,7514742,39370274
2015-006295STR,6119683,15490809
2015-006656STR,6523507,6777981
2015-007048STR,5853587,16022933
2015-007060STR,6543813,34224937
2015-007283STR,6324586,32912359
2015-007438STR,3116428,2436652
2015-007451STR,2783251,14235899
2015-007560STR,6915497,36237660
2015-007592STR,8167459,42713588
2015-007595STR,6335352,580236
2015-007902STR,21745893,5689322
2015-008042STR,6985131,36060750
2015-008197STR,6938818,36381578
2015-008230STR,664315,3355966
2015-008318STR,19753187,97159379
2015-008671STR,6782479,35506418
2015-008686STR,3994686,10374314
2015-008890STR,22175258,34799523
2015-009073STR,3157463,3924145
2015-009110STR,2802418,13923854
2015-009253STR,10968239,56899803
2015-009262STR,8612967,45309463
2015-009641STR,3883252,5162952
2015-009824STR,21999656,39041682
2015-009974STR,7483031,39190942
2015-009977STR,7549488,14818517
2015-009991STR,224579,1168946
2015-010120STR,767506,3807182
2015-010300STR,1480015,7919343
2015-010354STR,571042,1550529
2015-010438STR,1276953,
2015-010609STR,8151985,14273047
2015-010619STR,1324086,7102527
2015-010653STR,8474452,31121025
2015-010708STR,6072767,31521801
2015-010771STR,9525911,11245496
2015-010936STR,8352275,11512680
2015-011001STR,3105361,15396421
2015-011110STR,4372435,22700332
2015-011258STR,8187584,41368046
2015-011429STR,8595304,4033641
2015-012042STR,7930461,900661
2015-012327STR,10035487,11346187
2015-012439STR,1478708,5004349
2015-012479STR,8472083,44615552
2015-012506STR,6957662,36481063
2015-012685STR,7026287,36833202
2015-013063STR,7956817,38613950
2015-013128STR,7547105,34963239
2015-013141STR,1897346,9856291
2015-013174STR,6968158,17986295
2015-013176STR,4532551,23500389
2015-013337STR,3721927,5020218
2015-013339STR,5998790,16745765
2015-013578STR,13788581,3495695
2015-013712STR,1623609,8633891
2015-014059STR,9972077,47980391
2015-014316STR,6609412,
2015-014328STR,3079929,15673074
2015-014469STR,4663132,10924383
2015-014615STR,7342996,7212456
2015-014620STR,1815551,9509470
2015-014638STR,6560870,28070005
2015-014652STR,2677273,13707610
2015-014725STR,1434425,
2015-014913STR,5863674,30447547
2015-014930STR,2115503,10785430
2015-014975STR,4617719,8515925
2015-015200STR,6748645,3109494
2015-015212STR,964952,5037151
2015-015283STR,4781448,
2015-015289STR,6688004,35005343
2015-015296STR,3441517,17343648
2015-015298STR,8053481,14419919
2015-015308STR,7204761,1782044
2015-015472STR,17010389,4435448
2015-015474STR,7004802,
2015-015488STR,44394000,
2015-015510STR,1937575,
2015-015523STR,2154122,10992775
2015-015565STR,3081324,15679486
2015-015630STR,4295657,
2015-015631STR,6926901,1539714
2015-015686STR,3718865,2348306
2015-015788STR,34602830,617985
2015-015792STR,3261876,3371679
2015-015794STR,16824774,3554374
2015-015812STR,982298,5380962
2015-015837STR,4517932,8470040
2015-016059STR,2119773,2501567
2015-016158STR,4122671,21387911
2015-016183STR,45742381,
2015-016203STR,379349,1901233
2015-016223STR,487019,2410550
2015-016332STR,7884875,23071835
2015-016618STR,4549485,23587810
2015-016638STR,1407244,7578793
2015-018159STR,71645,367464
2015-018165STR,10347570,8541411
2015-018207STR,9730358,3814414
2015-018216STR,4956697,17815428
2015-018226STR,10747219,53307355
2015-018239STR,11442567,38836
2015-018369STR,6973383,22402
2015-018423STR,4533652,16884266
2015-018426STR,10455995,1031577
2015-018483STR,829185,4346130
2015-018555STR,8209055,107051
2015-018562STR,3081560,15680647
2016-000141STR,379255,1904628
2016-000168STR,5242394,11997544
2016-000246STR,10661953,17536951
2016-000292STR,342420,1737796
2016-000299STR,10930490,4123854
2016-000311STR,8184928,4221614
2016-000350STR,9695480,21199285
2016-000479STR,7701360,22098219
2016-000579STR,10273567,52830865
2016-000591STR,3015450,10374153
2016-000599STR,8524982,28784940
2016-000780STR,8275596,23621923
2016-000795STR,1807012,1574663
2016-000820STR,997382,1032643
2016-000838STR,14488234,5161705
2016-000844STR,6006768,26870698
2016-000905STR,9477823,44679401
2016-000907STR,2130640,
2016-000943STR,1125079,5565510
2016-001063STR,10749747,1563282
2016-001069STR,4525604,1937186
2016-001146STR,663623,119920
2016-001339STR,4252808,3059177
2016-001346STR,9051149,47224934
2016-001348STR,12835527,570963
2016-001354STR,13669721,69670960
2016-001379STR,1605483,1125797
2016-001489STR,7222704,30610362
2016-001526STR,44380001,559810
2016-001690STR,2723005,9878850
2016-001750STR,11191951,26700255
2016-002066STR,11225011,23309181
2016-002116STR,1944564,812141
2016-002184STR,17120944,14003785
2016-002387STR,691023,3531780
2016-002396STR,3123536,183023205
2016-002448STR,11345707,59406195
2016-002662STR,10437411,4413556
2016-002790STR,35843505,12150667
2016-003365STR,62651,185923
2016-003428STR,18777830,
2016-003541STR,29557,126036
2016-003541STR,29557,126036
2016-003582STR,1098003,6034365
2016-003650STR,33528893,4349750
2016-003708STR,16348139,7610972
2016-003713STR,32746725,1984693
2016-004213STR,4135201,1635200
2016-004630STR,1103797,6062220
2016-004677STR,13585679,78443561
2016-004682STR,12212013,12715408
2016-004726STR,11241173,237659
2016-004783STR,21165478,758670
2016-005286STR,28139208,
2016-005677STR,10684058,55193130
2016-005726STR,7558236,194540
2016-005944STR,10648093,54983982
2016-005996STR,12175415,56076559
2016-006081STR,582335,2867852
2016-006354STR,4358868,2335941
2016-006560STR,30817227,3617002
2016-006847STR,4359626,22630933
2016-006861STR,13066842,775473
2016-007024STR,14651109,90982770
2016-007151STR,11163409,57898551
2016-007361STR,32643853,198038138
2016-007378STR,752607,3958328
2016-007399STR,32871760,2919348
2016-007403STR,14265180,41182469
2016-007656STR,34018349,41094308
2016-007714STR,23709477,169165019
2016-007888STR,9471413,3964836
2016-008008STR,4121114,18151037
2016-008258STR,20424404,2666465
2016-008342STR,12679234,10226011
2016-008458STR,13220623,16010762
2016-008488STR,12172311,
2016-008489STR,7921739,7408876
2016-008531STR,15051965,56666480
2016-008597STR,39580721,23195770
2016-008695STR,3257979,16476062
2016-009034STR,13815533,10460597
2016-009182STR,10280573,50292803
2016-009199STR,8030646,7231087
2016-009314STR,2062696,4843181
2016-009377STR,20257125,133894957
2016-009458STR,15567704,100278291
2016-009459STR,10227655,52558265
2016-009531STR,15929798,103370502
2016-009580STR,13563865,78172368
2016-009906STR,109883,566147
2016-010187STR,7596529,9233155
2016-010204STR,2221057,11331176
2016-010730STR,31494299,237694205
2016-011054STR,10089183,11887055
2016-011831STR,14763705,92075817
2016-011871STR,9346814,42922912
2016-011944STR,1356129,13709338
2016-012178STR,13574259,30789097
2016-012203STR,15060615,95220454
2016-012314STR,13219968,25719685
2016-012318STR,15132855,53614586
2016-012484STR,16305055,106687468
2016-012524STR,19365066,26860112
2016-012531STR,21045694,30506212
2016-012666STR,10832099,12780961
2016-012830STR,16706877,110690066
2016-012901STR,15179182,861262
2016-012993STR,7009654,34268088
2016-013008STR,15920878,103297299
2016-013108STR,16173016,105578739
2016-013200STR,10088395,42138725
2016-013362STR,12853235,15449058
2016-013364STR,14619235,5043788
2016-013471STR,41980745,
2016-013547STR,20169868,12394710
2016-013559STR,14341440,5400272
2016-013675STR,6326133,
2016-013878STR,26832092,1889323
2016-013897STR,5068486,26173051
2016-013956STR,21022837,151399600
2016-014003STR,14268636,24091826
2016-014064STR,16068425,10784845
2016-014079STR,14802586,78451071
2016-014128STR,15641829,5117637
2016-014234STR,648086,3250518
2016-014278STR,4993804,4195316
2016-014330STR,14745298,909879
2016-014337STR,15512995,1865162
2016-014445STR,15621583,41578318
2016-014451STR,7038488,36905321
2016-014457STR,15662917,775963
2016-014471STR,17254515,14692056
2016-014473STR,15220043,64579077
2016-014771STR,13685131,79700074
2016-014800STR,9295965,48261523
2016-014816STR,7676566,28311107
2016-014823STR,18639196,128943312
2016-014833STR,1511076,2403646
2016-014844STR,14043110,84154713
2016-014907STR,17159806,115416158
2016-015011STR,19185162,234409
2016-015070STR,15069107,62907992
2016-015133STR,7341076,4249288
2016-015176STR,16052484,55971219
2016-015212STR,2950592,243725
2016-015662STR,7808104,41102404
2016-015944STR,14029901,2048437
2016-015948STR,15075530,1787588
2016-015949STR,18037180,80544181
2016-015990STR,30531625,21945886
2016-016346STR,16335125,7076264
2016-016381STR,21011508,45411465
2016-016577STR,16516337,3377789
2016-016591STR,16519220,5805679
2016-016620STR,1738415,3273603
2017-000191STR,16178751,3470491
2017-000194STR,19304903,8952012
2017-000203STR,18077642,863433
2017-000350STR,14705126,91464797
2017-000407STR,16330378,106895777
2017-000449STR,17157954,1281984
2017-000456STR,10517693,38351936
2017-000670STR,16649876,48785800
2017-000721STR,13600947,35102608
2017-000811STR,7715542,40534191
2017-000829STR,16653287,30747858
2017-000955STR,17753503,71333862
2017-001020STR,13687255,32534976
2017-001079STR,20281663,123931387
2017-001132STR,14266916,36287559
2017-001140STR,17408793,45156079
2017-001324STR,39901695,40966464
2017-001345STR,14913657,83483852
2017-001472STR,16244433,6703252
2017-001559STR,11190379,4152724
2017-001562STR,8904047,46574267
2017-001574STR,17424816,147099
2017-001575STR,18314694,123485258
2017-001610STR,17973795,9151990
2017-001636STR,40707679,33867526
2017-001806STR,2502543,12437454
2017-001912STR,15860973,6136360
2017-002145STR,713877,3675617
2017-002367STR,14804950,24949158
2017-002429STR,442397,2198311
2017-002481STR,11939561,1401824
2017-002569STR,3402610,71182743
2017-002575STR,18669935,17136474
2017-002781STR,17811571,15029266
2017-002817STR,8152867,10394065
2017-002819STR,29192965,40297300
2017-002837STR,7220035,37797558
2017-002856STR,15911270,103224738
2017-002918STR,18753198,130467604
2017-003028STR,45866598,
2017-003032STR,21170799,
2017-003085STR,38554836,119492097
2017-003168STR,17809833,3076837
2017-003292STR,7331464,32687481
2017-003486STR,11437138,
2017-003571STR,12999869,3617002
2017-003598STR,17626598,1782540
2017-003667STR,38317894,383029
2017-003820STR,23358468,5913788
2017-003870STR,17430696,117919835
2017-003948STR,12905538,70717919
2017-004122STR,18184143,13103932
2017-004255STR,15822076,68747156
2017-004794STR,17345722,
2017-004896STR,28055711,155250
2017-004957STR,20328358,
2017-005004STR,18567743,71570278
2017-005183STR,21730409,157074592
2017-005224STR,142177,656263
2017-005359STR,19588004,988375
2017-005449STR,18548006,51078965
2017-005462STR,19478755,131502074
2017-005496STR,2026910,7096906
2017-005634STR,2063077,9797614
2017-005636STR,18810290,129618781
2017-005722STR,17642091,6641931
2017-005737STR,18212346,125735523
2017-005770STR,616204,2806033
2017-005779STR,16336782,106951010
2017-005945STR,9150171,167143
2017-006017STR,334339,879042
2017-006037STR,21028247,28932312
2017-006045STR,18602265,795382
2017-006096STR,16435615,1624329
2017-006117STR,15835438,4256843
2017-006128STR,1003756,3347282
2017-006136STR,17982304,10263963
2017-006167STR,7226841,872803
2017-006361STR,18464444,7012008
2017-006582STR,18754189,128940936
2017-006734STR,34024828,136792470
2017-006752STR,41276735,222741453
2017-006879STR,37220176,
2017-006981STR,9108108,30865412
2017-006986STR,21313591,2566492
2017-007073STR,18737830,130349538
2017-007085STR,20762414,108691284
2017-007263STR,7972067,8290313
2017-007318STR,15005046,94659320
2017-007432STR,20573374,15028456
2017-007624STR,19140351,3773599
2017-007698STR,17723975,1934331
2017-007756STR,18757990,9956229
2017-007762STR,468751,2326926
2017-007769STR,18916029,33242464
2017-007858STR,21370662,115841608
2017-008316STR,1925206,9971829
2017-008452STR,18776764,
2017-008479STR,20852099,149498560
2017-008739STR,10925833,56637099
2017-008742STR,43836717,225170592
2017-008820STR,19949380,141391572
2017-008853STR,17097361,114734955
2017-009257STR,1076743,887032
2017-009411STR,20847212,126644773
2017-009506STR,5632452,20497687
2017-009733STR,19331975,135420210
2017-009860STR,28550959,129961318
2017-009944STR,24916302,22923465
2017-009953STR,14691164,31069921
2017-010041STR,17444964,34675376
2017-010173STR,27610705,566306
2017-010297STR,23577552,128169944
2017-010457STR,19407153,30713030
2017-010531STR,20149972,1364450
2017-010585STR,20195883,7934590
2017-011001STR,32473990,1469393
2017-011005STR,18567266,
2017-011010STR,27634232,19338074
2017-011133STR,20620600,44927
2017-011141STR,20873957,10622144
2017-011427STR,20696918,26700102
2017-011435STR,3442439,17349647
2017-011447STR,34626588,178494555
2017-011525STR,21327347,90139010
2017-011615STR,20967325,52830865
2017-011800STR,5933430,1808969
2017-012063STR,21280829,10234050
2017-012109STR,21694548,
2017-012202STR,20543892,3344835
2017-012203STR,1328186,7208147
2017-012205STR,10385321,40993599
2017-012245STR,99094,522225
2017-012252STR,12607119,68425495
2017-012476STR,7726184,4097204
2017-012561STR,11122531,3697779
2017-012587STR,27225440,252927
2017-012648STR,8276309,2113363
2017-012782STR,20269251,76784332
2017-012904STR,29130046,9578079
2017-012911STR,1683892,8903768
2017-012936STR,20424542,5009045
2017-013032STR,19954872,
2017-013041STR,20799337,
2017-013381STR,15759935,5466655
2017-013390STR,22396902,72308207
2017-013482STR,20393341,337960
2017-013607STR,21191232,153041033
2017-013758STR,21125429,149725836
2017-013834STR,4429527,7813710
2017-013866STR,33642479,44037033
2017-013989STR,23860519,179240427
2017-014056STR,6344500,5051753
2017-014099STR,14404663,2275870
2017-014151STR,21220773,3570084
2017-014184STR,19307356,1264413
2017-014258STR,39996459,281939482
2017-014279STR,4678599,3092240
2017-014320STR,8287266,43695190
2017-014337STR,19348868,8371224
2017-014407STR,20450156,145873215
2017-014449STR,21082676,5871824
2017-014489STR,21054696,16301581
2017-014495STR,21047729,576143
2017-014518STR,11435584,60086345
2017-014520STR,699723,469757
2017-014706STR,8155106,20856424
2017-014769STR,23291367,
2017-014769STR,41216907,
2017-014784STR,7968749,37731842
2017-014798STR,8762967,3155848
2017-014809STR,10632584,10313206
2017-014883STR,738547,3860047
2017-014903STR,24013866,
2017-015058STR,6913294,36229030
2017-015152STR,21529297,15293495
2017-015154STR,13774014,2993432
2017-015176STR,14540002,16854419
2017-015190STR,21964157,149797235
2017-015377STR,21297037,6267
2017-015439STR,8195144,41782662
2017-015461STR,21294317,68366081
2017-015555STR,18507365,3866027
2017-015628STR,10905721,15259486
2017-015634STR,13186688,15050419
2017-015897STR,10769424,30127937
2017-015905STR,11998353,48763599
2017-015906STR,21458837,15731948
2017-015937STR,24083593,17968214
2017-015999STR,21307662,1676998
2017-016002STR,21282635,4137005
2017-016058STR,28722160,151817615
2017-016061STR,7302136,38249439
2017-016066STR,17016637,106291188
2017-016130STR,32597111,
2017-016222STR,6430646,4098848
2017-016292STR,21425660,18349219
2017-016406STR,20768833,26071401
2017-016499STR,39372077,117987879
2017-016527STR,474107,2318089
2017-016533STR,14903530,90631
2017-016535STR,26928489,55550031
2017-016537STR,16052656,25707444
2018-000006STR,22690547,140678774
2018-000045STR,776239,4094089
2018-000052STR,279184,1456262
2018-000057STR,6822748,
2018-000061STR,16900525,4225463
2018-000064STR,6120540,31755831
2018-000065STR,21486593,32459054
2018-000072STR,1251570,
2018-000076STR,2677288,11233014
2018-000078STR,27870072,2440054
2018-000095STR,3271517,16388308
2018-000101STR,17287731,1097396
2018-000105STR,44234868,120815420
2018-000121STR,32293596,7630810
2018-000126STR,18529703,23679441
2018-000128STR,18898768,
2018-000137STR,6273036,3692515
2018-000139STR,19892991,140833338
2018-000141STR,19950230,275545
2018-000143STR,20649513,147666071
2018-000146STR,15258331,
2018-000148STR,890875,4374318
2018-000150STR,1429022,3653917
2018-000153STR,14538591,41376640
2018-000155STR,2760935,
2018-000159STR,45097972,159753287
2018-000169STR,21309142,154222319
2018-000182STR,4026354,20860681
2018-000194STR,25094,103339
2018-000202STR,20305889,72387792
2018-000209STR,11532945,27335724
2018-000224STR,21799941,649296
2018-000233STR,21650740,4350837
2018-000240STR,21558062,6764564
2018-000244STR,22718099,167608343
2018-000249STR,43818495,66107483
2018-000274STR,16897598,30348808
2018-000278STR,21233544,1852503
2018-000290STR,19039703,67285076
2018-000296STR,18757463,31243021
2018-000305STR,22066724,274619
2018-000306STR,26095551,196142120
2018-000314STR,3759246,19246456
2018-000324STR,21866860,159507011
2018-000331STR,21935870,160087266
2018-000344STR,19285250,21196676
2018-000346STR,8472666,1155340
2018-000349STR,22229654,148590346
2018-000350STR,29990041,163339428
2018-000353STR,22230201,162419166
2018-000355STR,28407357,5610543
2018-000369STR,11752686,719360
2018-000378STR,32518108,17965378
2018-000399STR,22003066,127422643
2018-000416STR,14008953,1374982
2018-000431STR,21837830,835115
2018-000432STR,12725886,16921530
2018-000593STR,22555972,128030152
2018-000626STR,2477787,9294456
2018-000749STR,22904891,
2018-001040STR,24758727,5576792
2018-001350STR,8907289,6664188
2018-001475STR,2139562,8037793
2018-001570STR,10469182,34963239
2018-001685STR,30346332,
2018-001751STR,24309390,156562268
2018-001999STR,15330348,97717942
2018-002541STR,17421876,61184414
2018-002543STR,10524804,536549
2018-002545STR,15903424,88656778
2018-002556STR,18587279,5020253
2018-002557STR,18450146,4624326
2018-002788STR,11845487,6001829
2018-002912STR,408471,530786
2018-002996STR,27652652,148708603
2018-002997STR,1975404,10197471
2018-003609STR,3832296,4722846
2018-003617STR,5151423,21573962
2018-003708STR,11659435,12780333
2018-003728STR,7020637,13872501
2018-003788STR,17305040,1590064
2018-003945STR,23567834,135551998
2018-003998STR,25485559,156102468
2018-004234STR,9882522,9134629
2018-004343STR,765914,4038852
2018-004373STR,522089,2567585
2018-004414STR,23303083,3138116
2018-004654STR,20154622,36377843
2018-004791STR,6970746,36470371
2018-004799STR,46120105,
2018-004802STR,21276107,
2018-004813STR,7386838,26325096
2018-004814STR,4616596,21499033
2018-004817STR,17979286,7198062
2018-004820STR,8864274,46398210
2018-004838STR,3761446,8056326
2018-004844STR,8041262,40413092
2018-004845STR,22110217,7772037
2018-004848STR,1506702,2228453
2018-004849STR,25621756,10624702
2018-004855STR,5749839,12740147
2018-004872STR,482592,2389112
2018-004881STR,26236436,
2018-004884STR,23087617,2711732
2018-004893STR,23240184,170765678
2018-004895STR,19979690,19799378
2018-004896STR,8889145,32828946
2018-004897STR,25058405,95227196
2018-004901STR,26084506,1857594
2018-004905STR,23861410,179265384
2018-004910STR,23255383,3596929
2018-004913STR,19721472,118373919
2018-004914STR,32983188,988375
2018-004920STR,6163821,6884446
2018-004926STR,6653474,475974
2018-004929STR,23914311,8873381
2018-004930STR,39969068,26687266
2018-004938STR,10929061,56658434
2018-004939STR,24162999,7426517
2018-004944STR,16160696,
2018-004946STR,23907104,68135323
2018-004947STR,23354077,39759525
2018-004948STR,5591544,587173
2018-004952STR,23685560,
2018-004955STR,23209264,23741447
2018-004972STR,26202021,8567391
2018-004976STR,10367010,53358593
2018-004977STR,4052091,1792703
2018-004987STR,6016647,1862130
2018-004994STR,19040,
2018-005002STR,9608262,49716827
2018-005010STR,6529234,8077748
2018-005022STR,12155285,2915179
2018-005044STR,12368621,
2018-005046STR,3384413,17074573
2018-005048STR,22554459,165727609
2018-005054STR,18397875,58033584
2018-005078STR,15957623,30075056
2018-005106STR,1203849,6575901
2018-005114STR,19273465,2902835
2018-005119STR,13603043,2019781
2018-005122STR,6911587,1661839
2018-005128STR,22536998,
2018-005143STR,17444930,1291823
2018-005145STR,31717158,10267172
2018-005153STR,13641058,33387303
2018-005173STR,12110830,64946886
2018-005176STR,11911651,63549522
2018-005179STR,11513111,60672876
2018-005189STR,22608611,26932354
2018-005193STR,16700935,4244521
2018-005217STR,21812815,84387679
2018-005224STR,14323059,69455081
2018-005229STR,22375226,2253513
2018-005234STR,23235919,55485389
2018-005235STR,7764531,4202870
2018-005251STR,5537718,10665750
2018-005261STR,22214202,16440250
2018-005263STR,22328157,163243187
2018-005293STR,19721174,139005195
2018-005621STR,27727846,81226014
2018-006189STR,8775500,7366597
2018-006356STR,23946104,9106943
2018-006851STR,25403706,1692184
2018-006852STR,25432375,188173660
2018-006978STR,23672181,6378008
2018-008211STR,26277460,197349922
2018-008314STR,17925808,122392376
2018-008558STR,22532009,158469625
2018-009713STR,7933807,33948993
2018-009786STR,19240799,134711248
2018-009840STR,314368,1229762
2018-010039STR,37911325,19506404
2018-010229STR,24599232,64996654
2018-010237STR,25749954,187334221
2018-010254STR,27826583,8570927
2018-010256STR,35286441,50247302
2018-010308STR,25229521,71409832
2018-010360STR,5174935,26766881
2018-010407STR,530857,2607120
2018-010420STR,29937571,52175364
2018-010437STR,20591785,25824429
2018-010495STR,16326624,392456
2018-010526STR,15037623,83553465
2018-010676STR,20765941,65528821
2018-010684STR,19163190,134008463
2018-010685STR,28363410,208796981
2018-010733STR,4418649,22936081
2018-010795STR,42254451,44389179
2018-010796STR,323635,812808
2018-010868STR,21252479,8357805
2018-011107STR,7181655,37624778
2018-011107STR,7181655,37624778
2018-011150STR,1578597,8390846
2018-011154STR,132441,650862
2018-011259STR,13239272,1099605
2018-011390STR,27510287,207430416
2018-011524STR,25419563,28190541
2018-011535STR,27960744,122565703
2018-011694STR,28490107,141784
2018-011764STR,21766603,29125334
2018-011830STR,10834961,
2018-011869STR,25808640,46412254
2018-011932STR,37220516,13682309
2018-012245STR,9922088,
2018-012334STR,24782542,5503776
2018-012408STR,28028464,2239870
2018-012578STR,26950540,202781607
2018-012732STR,30713782,
2018-012792STR,29886292,
2018-012855STR,24099520,181489269
2018-013156STR,1344243,7292289
2018-013167STR,25511111,236978
2018-013231STR,24000340,295976
2018-013481STR,34424480,2094461
2018-013496STR,22665446,2990879
2018-013579STR,31759412,223365296
2018-013605STR,35773458,218088604
2018-013738STR,377569,1897399
2018-013787STR,26278521,197555079
2018-014014STR,30822730,16156154
2018-014222STR,3759368,17120264
2018-014278STR,25288190,
2018-014304STR,21629749,19071477
2018-014314STR,26718900,44956536
2018-014322STR,14760041,92031637
2018-014421STR,22986895,9032873
2018-014552STR,30469161,139272777
2018-014790STR,41431867,137698280
2018-014797STR,32192300,201430482
2018-014832STR,32075650,240551393
2018-014895STR,29797894,23626101
2018-014983STR,31120211,7074942
2018-015086STR,26004362,20767323
2018-015137STR,28390797,48618681
2018-015226STR,40169734,6576675
2018-015262STR,24828324,20583271
2018-015272STR,28141014,3097323
2018-015284STR,28489872,4392149
2018-015304STR,28444017,22368313
2018-015501STR,1104912,6068306
2018-015559STR,307837,1583952
2018-015580STR,457862,2276059
2018-015593STR,31055670,231980369
2018-015594STR,26624972,38746503
2018-015595STR,5345792,4253502
2018-015675STR,27370273,7787162
2018-015678STR,26385989,1120983
2018-015680STR,24853005,2411447
2018-015681STR,36302028,
2018-015705STR,20258481,38757653
2018-015710STR,28338407,64868395
2018-015816STR,6364873,28786427
2018-015826STR,25921225,629004
2018-015832STR,479415,350839
2018-015857STR,28259229,6093410
2018-015978STR,27310099,98332773
2018-015992STR,6376338,33232844
2018-016056STR,19872447,99053939
2018-016104STR,4199015,1572409
2018-016181STR,2933105,11392498
2018-016186STR,22569379,71415377
2018-016189STR,7805578,92930
2018-016283STR,25213152,6608866
2018-016294STR,28387261,198616
2018-016393STR,8653346,31380175
2018-016410STR,24099463,107085923
2018-016446STR,26638788,702376
2018-016474STR,27903069,210780925
2018-016559STR,27253510,201508206
2018-016563STR,27530136,200417396
2018-016569STR,30881800,20536324
2018-016595STR,27491473,4792470
2018-016603STR,28181442,31108813
2018-016649STR,27735398,209402966
2018-016684STR,26632713,200200626
2018-016686STR,27766709,141226349
2018-016715STR,27556897,285267
2018-016733STR,31124937,208750284
2018-016746STR,23223838,19606217
2018-016759STR,35945149,426772
2018-016772STR,28316938,1933786
2018-016783STR,35308634,
2018-016830STR,19227069,633927
2018-016838STR,23340714,39973697
2018-016853STR,10990428,6610770
2018-016971STR,26566885,9727150
2018-017042STR,4269254,12798531
2018-017050STR,23905627,6597986
2018-017062STR,23711723,177676737
2018-017065STR,27780282,6778904
2018-017201STR,936209,1124557
2018-017281STR,25871246,4484087
2018-017285STR,29316715,2846262
2018-017289STR,29664364,8053898
2018-017295STR,45713504,
2018-017323STR,1109534,6090420
2018-017330STR,28053384,24095377
2018-017341STR,26408,111141
2018-017353STR,2210105,11273570
2019-000049STR,34836860,202404209
2019-000057STR,14788324,4381076
2019-000060STR,32216182,241739739
2019-000066STR,10608275,4709765
2019-000241STR,17433218,25963935
2019-000277STR,11464408,37939657
2019-000360STR,28464381,2342853
2019-000364STR,10058568,31021771
2019-000368STR,7140740,35167389
2019-000388STR,30801201,16545847
2019-000444STR,28376750,214228145
2019-000466STR,27753881,38181202
2019-000467STR,24651340,13460463
2019-000482STR,26339979,3231054
2019-000551STR,41879116,22252358
2019-000559STR,26522687,36013384
2019-000638STR,28898815,20040372
2019-000642STR,44118516,
2019-000659STR,17585689,8946246
2019-000673STR,29988443,220460572
2019-000936STR,34756884,
2019-000950STR,26303324,9721401
2019-001110STR,27674344,10452811
2019-001225STR,4577224,22618879
2019-001245STR,29926924,12362435
2019-001273STR,28200634,144885524
2019-001449STR,30129780,190646714
2019-001450STR,21111066,541088
2019-001536STR,30675746,304244
2019-001545STR,28208579,572647
2019-001556STR,30251016,6824634
2019-001559STR,1633933,484257
2019-001777STR,27458484,44297988
2019-001842STR,30042211,9145110
2019-001907STR,43652136,25711525
2019-001910STR,36315852,237620221
2019-001988STR,14775913,48003274
2019-002090STR,24043373,19144764
2019-002094STR,29877418,579255
2019-002096STR,29435807,49337544
2019-002102STR,26259702,183605554
2019-002112STR,25870802,6726221
2019-002116STR,32643255,210597174
2019-002134STR,8272458,19364894
2019-002159STR,274334,1434669
2019-002180STR,30534300,3286545
2019-002256STR,1847664,262762
2019-002264STR,27439635,204892095
2019-002385STR,29613683,222913107
2019-002418STR,7345468,58316
2019-002536STR,134193,658666
2019-002568STR,5905530,10397646
2019-002594STR,23924946,6048324
2019-002606STR,21233359,359544
2019-002618STR,9051457,7337924
2019-002622STR,28085987,17083537
2019-002708STR,28315009,99077084
2019-002794STR,30086838,14772480
2019-002797STR,9010937,645093
2019-002811STR,30770207,4161813
2019-002901STR,1906681,9373952
2019-003557STR,2016198,3639179
2019-003559STR,31295086,155142713
2019-003560STR,12025717,64351162
2019-003575STR,15812013,97865629
2019-003584STR,1180103,6456352
2019-003597STR,578097,560790
2019-003606STR,31932467,57820905
2019-003625STR,31447415,43050384
2019-003635STR,30851994,105646223
2019-003751STR,32389762,22685677
2019-003950STR,33452479,252019117
2019-003973STR,26307822,401712
2019-004017STR,30056107,30916579
2019-004020STR,26691828,15221570
2019-004024STR,12562572,4304761
2019-004025STR,33292153,122884305
2019-004120STR,58185,278102
2019-004189STR,379418,510040
2019-004292STR,562593,2767413
2019-004336STR,2816626,6310896
2019-004371STR,25265335,897571
2019-004394STR,945748,5124146
2019-004489STR,27611813,61724483
2019-004493STR,29802575,4981356
2019-004495STR,23963992,152980706
2019-004525STR,28361732,
2019-004546STR,38822604,246294725
2019-004560STR,32866238,11673850
2019-004619STR,35899798,16921283
2019-004687STR,7939511,41870905
2019-004690STR,13789725,3677879
2019-004697STR,4097700,3594968
2019-004698STR,16688334,7731691
2019-004699STR,8591098,12116341
2019-004828STR,1520790,5410239
2019-004838STR,18878564,80693468
2019-004852STR,27980774,19610799
2019-004872STR,7665362,5452140
2019-004995STR,32550834,115436361
2019-005013STR,24149977,2623502
2019-005035STR,29305555,148612965
2019-005048STR,26710943,39759525
2019-005053STR,30882970,3077270
2019-005054STR,32291443,726714
2019-005059STR,30318695,212325050
2019-005094STR,32113366,240915570
2019-005204STR,348580,197515
2019-005258STR,33141021,94430661
2019-005325STR,46736544,
2019-005330STR,33135588,849360
2019-005334STR,39630149,268847134
2019-005370STR,39964120,1201942
2019-005375STR,4639434,17948119
2019-005376STR,32141630,951122
2019-005381STR,22512581,152997097
2019-005453STR,9187534,3116172
2019-005799STR,30253069,5319966
2019-005817STR,39896249,230265204
2019-005824STR,34937940,256063782
2019-005829STR,29438776,2708629
2019-005832STR,27701970,1979036
2019-005836STR,30745601,1319515
2019-005838STR,640895,3191748
2019-005932STR,256176,976125
2019-005933STR,3082327,15089647
2019-005953STR,183859,882283
2019-005970STR,31113388,232514230
2019-005983STR,29543253,8339173
2019-006179STR,27230555,7599395
2019-006187STR,29831467,10235040
2019-006221STR,29241208,5274369
2019-006223STR,29610726,10353586
2019-006249STR,27461006,36673373
2019-006257STR,2311428,2076797
2019-006273STR,23165203,60283024
2019-006518STR,23714398,26383
2019-006529STR,3376512,12514131
2019-006530STR,23667434,6138688
2019-006531STR,1471683,7879719
2019-006538STR,10137578,52025286
2019-006541STR,45093558,215930449
2019-006547STR,38818752,133755963
2019-006632STR,34345807,242106104
2019-006664STR,29924753,224997048
2019-006679STR,30596049,229170151
2019-006683STR,29515076,8159368
2019-006689STR,28074227,212074611
2019-006796STR,34081671,36746051
2019-006812STR,34372749,3985908
2019-006823STR,32644099,293971
2019-006868STR,27468147,1287675
2019-007024STR,32477424,15820085
2019-007034STR,18111498,124779213
2019-007180STR,33271309,226685582
2019-007200STR,10058134,81879
2019-007204STR,23106047,6817200
2019-007209STR,7393518,37191616
2019-007242STR,27580180,50840359
2019-011876STR,32072704,179161726
2019-011881STR,27699796,40448918
2019-011920STR,35809668,172278627
2019-012053STR,28384050,203829399
2019-012133STR,958,1169
2019-012227STR,10681956,55065227
2019-012232STR,2657328,
2019-012550STR,29661822,965865
2019-012785STR,35194508,229168410
2019-012936STR,35126491,264577957
2019-013170STR,32105504,24679296
2019-013395STR,29611738,7613704
2019-013509STR,23700802,177152067
2019-013558STR,20425693,21226960
2019-013564STR,27852325,162137718
2019-013642STR,3946571,20452861
2019-013649STR,23973946,5153848
2019-013772STR,325478,1579337
2019-013774STR,1906323,9754790
2019-013778STR,748222,516404
2019-013779STR,33943537,43118853
2019-013781STR,2396847,10895766
2019-013782STR,1203172,6572139
2019-013784STR,3168359,16071511
2019-014035STR,30744282,223437075
2019-014036STR,32716394,82697224
2019-014054STR,1699390,8973745
2019-014068STR,137129,639671
2019-014088STR,32702921,245910178
2019-014125STR,31903595,11331456
2019-014140STR,28363414,151607879
2019-014145STR,31210673,12576255
2019-014155STR,33667375,44934464
2019-014159STR,32962090,4464641
2019-014223STR,34932707,263228847
2019-014245STR,42603642,149423004
2019-014273STR,38799959,275853781
2019-014287STR,27260835,13929582
2019-014288STR,31123927,232610653
2019-014290STR,37524923,256664854
2019-014291STR,35646279,66762479
2019-014340STR,3157541,14765200
2019-014362STR,32727287,65800040
2019-014374STR,36928741,219791143
2019-014375STR,32824201,9176247
2019-014524STR,10943827,4925259
2019-014526STR,15583185,20920877
2019-014600STR,35429693,12845290
2019-014607STR,31651414,59106304
2019-014609STR,32724526,21567505
2019-014647STR,353292,1789683
2019-014659STR,1725853,9095946
2019-014671STR,14990478,71381627
2019-014679STR,36211035,5325789
2019-014791STR,32726099,7167269
2019-014865STR,3962831,3080489
2019-014947STR,37814244,11551408
2019-015092STR,2747383,12449463
2019-015168STR,29594605,6751852
2019-015174STR,545685,2676602
2019-015293STR,3311711,16722899
2019-015300STR,32147391,241152029
2019-015303STR,37864340,278678460
2019-015403STR,31261677,233914298
2019-015488STR,32329385,153516885
2019-015496STR,344621,305675
2019-015550STR,32378826,2607068
2019-015603STR,1148625,6296873
2019-015625STR,34903588,242980122
2019-015698STR,14553693,94548508
2019-015762STR,4948340,5366845
2019-015773STR,19412179,1327083
2019-015774STR,591524,2919481
2019-015914STR,7292878,7407016
2019-016025STR,38430549,2122871
2019-016039STR,3028924,431215
2019-016211STR,4880695,25108613
2019-016316STR,677207,3443238
2019-016421STR,10840593,6165979
2019-016434STR,33715114,39532367
2019-016442STR,28232197,73458740
2019-016450STR,3719923,6081814
2019-016481STR,148559,717236
2019-016659STR,34065657,256244870
2019-016672STR,1281132,200941
2019-016678STR,38620015,290366829
2019-016705STR,34127928,257691852
2019-016908STR,36448103,268474537
2019-016935STR,34227689,238551996
2019-016981STR,27895671,11111510
2019-017205STR,21177034,114873659
2019-017210STR,2203283,8146224
2019-017212STR,40059665,5124168
2019-017239STR,19404978,135377800
2019-017338STR,2134475,10891326
2019-017374STR,8717641,2597104
2019-017403STR,4483550,23262043
2019-017455STR,491867,969518
2019-017649STR,651624,3274172
2019-017664STR,527226,2584879
2019-017685STR,720811,93873
2019-017708STR,38105208,97159379
2019-017713STR,6074750,31531759
2019-017751STR,3896205,20169016
2019-017933STR,38884411,71883419
2019-017982STR,35910410,17171961
2019-017997STR,35351379,170026
2019-018016STR,36078299,248954799
2019-018053STR,37399403,265485766
2019-018066STR,19265072,17506355
2019-018134STR,12037978,
2019-018238STR,33773572,7556101
2019-018351STR,21478651,100569878
2019-018439STR,26665793,
2019-018475STR,1290935,4263825
2019-018738STR,24793296,2419887
2019-018768STR,32891625,988375
2019-018776STR,22869439,5326196
2019-018779STR,30797540,34760521
2019-018791STR,5774490,29959736
2019-018806STR,33900698,2767171
2019-018815STR,34118405,1744892
2019-018823STR,7389541,1995465
2019-018836STR,,147687565
2019-018846STR,36177982,3609021
2019-018861STR,22245431,13613187
2019-018862STR,32725950,541068
2019-018865STR,35512958,263477055
2019-018901STR,1633839,5063295
2019-018935STR,10784554,1741850
2019-018954STR,38220055,17200688
2019-018985STR,33495561,13630570
2019-019006STR,34234091,31604351
2019-019016STR,35917405,
2019-019017STR,22673927,21659550
2019-019018STR,32792232,638405
2019-019035STR,27206374,10751584
2019-019044STR,34097339,73256096
2019-019045STR,35387067,101516029
2019-019049STR,34208181,45822891
2019-019079STR,32313672,4375258
2019-019080STR,34684071,6064418
2019-019103STR,35343196,2523102
2019-019128STR,45055479,345283741
2019-019147STR,32789669,4318558
2019-019164STR,2022751,401904
2019-019171STR,34688624,261409715
2019-019184STR,34867880,262874420
2019-019185STR,19315635,1867331
2019-019199STR,32747602,74679017
2019-019205STR,35874111,269828471
2019-019208STR,35806612,417711
2019-019215STR,31439076,23992809
2019-019219STR,11418638,
2019-019223STR,34246050,202999813
2019-019239STR,30534155,39729330
2019-019248STR,34020025,3480526
2019-019251STR,31722728,3929874
2019-019301STR,42520481,3096994
2019-019318STR,22636987,
2019-019330STR,4760192,15622225
2019-019332STR,33241183,1730886
2019-019348STR,35294298,56507890
2019-019349STR,33023168,1415579
2019-019358STR,28360154,16131753
2019-019404STR,35945379,
2019-019461STR,238204,1248132
2019-019470STR,4959980,25419840
2019-019474STR,16897188,5216411
2019-019487STR,5229280,13059334
2019-019501STR,5978964,31039935
2019-019504STR,18900978,71409219
2019-019508STR,21203146,153157973
2019-019520STR,37604966,133848555
2019-019528STR,34247471,5391821
2019-019536STR,40306940,218268629
2019-019541STR,840986,
2019-019581STR,10965575,
2019-019689STR,45367464,
2019-019720STR,39533902,988375
2019-019748STR,21291714,974441
2019-019748STR,199480,974441
2019-019754STR,760794,
2019-019758STR,7899085,41649493
2019-019766STR,22163431,
2019-019766STR,17795712,
2019-019804STR,17965243,
2019-019820STR,19050152,53220441
2019-019825STR,6020579,26977960
2019-019881STR,6336315,5836827
2019-019895STR,611714,6872494
2019-019931STR,39276439,301409555
2019-019932STR,23830079,
2019-019932STR,162934,
2019-019966STR,35848747,7521684
2019-020022STR,657121,
2019-020073STR,23304639,
2019-020073STR,19969592,
2019-020089STR,19228248,22616634
2019-020096STR,15150709,7728783
2019-020100STR,7348398,38498758
2019-020129STR,1150867,6307640
2019-020145STR,7007759,36734328
2019-020146STR,18873809,20137018
2019-020168STR,13464987,462956
2019-020171STR,531151,2608908
2019-020235STR,33999573,957067
2019-020238STR,36635428,52828644
2019-020240STR,11942275,2135564
2019-020240STR,11942275,2135564
2019-020240STR,11942275,2135564
2019-020240STR,11942275,2135564
2019-020241STR,34369451,111662311
2019-020242STR,45532158,
2019-020246STR,45077387,4857720
2019-020251STR,38406252,1582574
2019-020257STR,35516989,64145873
2019-020260STR,32491838,19306520
2019-020262STR,654279,3289160
2019-020263STR,33974085,
2019-020268STR,33493552,48537207
2019-020269STR,35878510,269864849
2019-020271STR,17778664,4123335
2019-020272STR,18156135,4997141
2019-020273STR,28435943,27955764
2019-020277STR,4510968,23389678
2019-020277STR,4510968,23389678
2019-020284STR,38985258,
2019-020293STR,33166972,
2019-020293STR,345760,
2019-020293STR,1827177,
2019-020293STR,1408281,
2019-020293STR,1323983,
2019-020294STR,2683857,224012
2019-020295STR,134015,657837
2019-020301STR,3395051,17109298
2019-020302STR,35496627,267057544
2019-020304STR,4888308,
2019-020307STR,37860137,17844178
2019-020320STR,4718629,2683422
2019-020322STR,37049589,278593931
2019-020322STR,37049589,278593931
2019-020322STR,37049589,278593931
2019-020328STR,2371573,8634657
2019-020331STR,40268500,10685036
2019-020351STR,34253243,10441135
2019-020354STR,37863231,2860770
2019-020358STR,36029332,23573644
2019-020359STR,36676914,275676570
2019-020363STR,38584753,184675266
2019-020379STR,3030653,15436573
2019-020383STR,567239,1772044
2019-020383STR,555596,1772044
2019-020392STR,5217164,26991996
2019-020400STR,37808908,286153436
2019-020406STR,32025820,231643532
2019-020408STR,38782076,295498342
2019-020409STR,33311422,5298677
2019-020420STR,2178509,11111526
2019-020422STR,36519291,37199244
2019-020424STR,2944843,15035145
2019-020433STR,34339911,2374809
2019-020433STR,34339911,2374809
2019-020433STR,34339911,2374809
2019-020462STR,35770427,41298864
2019-020468STR,37183606,279829523
2019-020472STR,3230459,16402896
2019-020475STR,38333196,291669781
2019-020476STR,14401326,
2019-020486STR,37913196,287207838
2019-020497STR,35472694,123692704
2019-020536STR,39468604,
2019-020536STR,39468600,
2019-020536STR,38674946,
2019-020536STR,39870669,
2019-020536STR,39652092,
2019-020536STR,39537982,
2019-020557STR,18705200,130021995
2019-020565STR,30271760,9283939
2019-020578STR,9296524,8803470
2019-020584STR,7718075,8223604
2019-020588STR,2223743,825524
2019-020589STR,137546,672097
2019-020589STR,2518781,672097
2019-020590STR,32474115,17242934
2019-020606STR,39413362,302732021
2019-020609STR,19830610,9338519
2019-020679STR,20873868,9296204
2019-020686STR,18584924,312334
2019-020686STR,18528858,312334
2019-020815STR,14490262,6920252
2019-020927STR,21514950,
2019-020937STR,9888667,
2019-020951STR,35389707,
2019-020952STR,517803,2549630
2019-021046STR,7182761,17331617
2019-021051STR,19877901,
2019-021186STR,1995487,
2019-021230STR,20157395,
2019-021231STR,23684260,24053387
2019-021231STR,16488124,24053387
2019-021322STR,12008385,
2019-021322STR,34856831,
2019-021322STR,30238646,
2019-021386STR,37684875,284807277
2019-021388STR,38621753,20520605
2019-021558STR,36804819,875931
2019-021567STR,36353842,1485240
2019-021571STR,38642777,1487776
2019-021581STR,34287664,796838
2019-021582STR,36813449,276715899
2019-021586STR,34197680,2491522
2019-021588STR,36456649,4838788
2019-021590STR,38129278,288169072
2019-021593STR,34514224,260499835
2019-021598STR,4773944,9859883
2019-021601STR,400433,1583699
2019-021615STR,1223704,1588519
2019-021625STR,38703237,988375
2019-021628STR,30266695,8688026
2019-021632STR,34946905,1535113
2019-021638STR,40974161,22058496
2019-021651STR,36489116,45229549
2019-021664STR,38167638,24087059
2019-021669STR,37468410,282667697
2019-021883STR,1043282,5381076
2019-021904STR,38365348,292120477
2019-022365STR,33526719,1936903
2019-022387STR,39337552,4996407
2019-022451STR,40036227,
2019-022455STR,40931160,
2019-022500STR,40560328,
2019-022542STR,33166972,
2019-022614STR,34394047,
2019-022618STR,39335839,
2019-022694STR,28252608,5670406
2019-022696STR,38061693,25005880
2019-022700STR,1083810,5959211
2019-022708STR,39059847,222647651
2019-022740STR,38586329,294446822
2019-022749STR,288213,1498483
2019-022793STR,43613070,62642427
2019-022799STR,971116,
2019-022804STR,10418322,
2019-022804STR,34181981,
2019-022827STR,3140113,15402542
2019-022916STR,38609924,
2019-023017STR,15806021,346580
2019-023225STR,29704006,1253187
2019-023240STR,39539309,20364955
2019-023242STR,41393913,48424042
2019-023244STR,9882716,19912995
2019-023249STR,39468178,
2019-023254STR,40665242,308845730
2019-023256STR,2545771,5739451
2019-023260STR,39702316,305148755
2019-023262STR,20478011,
2019-023262STR,30027665,
2019-023262STR,13810224,
2019-023263STR,39981331,11804833
2019-023268STR,42278240,335930199
2019-023268STR,42278240,335930199
2019-023278STR,39553717,
2019-023278STR,39553717,
2019-023294STR,20305913,1203596
2019-023297STR,39538536,152396699
2019-023305STR,39783000,305816161
2019-023330STR,17345936,4352245
2019-023337STR,38624328,5089742
2019-023345STR,39952962,219335040
2019-023352STR,37719665,12685102
2019-023356STR,39424458,2984805
2019-023377STR,16134193,
2019-023388STR,9504910,
2019-023459STR,27609352,9598998
2019-023513STR,3257886,15336469
2019-023702STR,4987668,16382
2019-023702STR,856123,16382
2020-000123STR,34470646,27975146
2020-000147STR,38933962,249436000
2020-000268STR,39891708,
2020-000272STR,28261064,623191
2020-000289STR,21817055,
2020-000289STR,22140977,
2020-000289STR,21382398,
2020-000370STR,34751463,
2020-000370STR,30506989,
2020-000370STR,32268646,
2020-000370STR,33713266,
2020-000370STR,32410147,
2020-000370STR,30696168,
2020-000392STR,40763935,316658100
2020-000415STR,40593885,
2020-000455STR,2736358,8638224
2020-000522STR,467507,2320888
2020-000522STR,467507,2320888
2020-000599STR,28783606,34876815
2020-000606STR,4614763,75978
2020-000610STR,39420577,4060431
2020-000653STR,42856533,90349994
2020-000767STR,37180404,76458186
2020-000836STR,38158914,1368144
2020-000954STR,6886839,3275513
2020-000979STR,31377697,7655449
2020-001012STR,851889,
2020-001186STR,36945601,1243451
2020-001202STR,4603953,10643399
2020-001279STR,909063,2874279
2020-001301STR,13999742,19191703
2020-001354STR,41630017,328362412
2020-001394STR,23474087,
2020-001394STR,23476220,
2020-001394STR,24021724,
2020-001442STR,40312722,168103713
2020-001473STR,38100637,24673601
2020-001519STR,40009905,3021561
2020-001632STR,3319447,5034081
2020-001715STR,37156484,29291796
2020-001724STR,3391368,17110263
2020-001726STR,7886634,6291362
2020-001857STR,12797906,498928
2020-001858STR,1487849,1590094
2020-002641STR,20979534,4276210
2020-002741STR,1614622,2343472
2020-002840STR,38955191,298375038
2020-002867STR,2890120,899994
2020-002870STR,6145605,1196837
2020-002924STR,32404157,81165421
2020-003076STR,3519611,17721826
2020-003096STR,18345958,652949
2020-003422STR,37457424,2327713
2020-003510STR,8290464,3198119
2020-003644STR,47023793,
2020-003644STR,47031172,
2020-003644STR,47029556,
2020-003650STR,40991220,12973187
2020-003717STR,13769493,15376205
2020-003907STR,40473258,72422733
2020-003923STR,29684194,10456230
2020-003965STR,39248043,301284384
2020-003999STR,37249904,247053998
2020-004028STR,20500854,12878539
2020-004363STR,138772,261304
2020-004364STR,269463,1244308
2020-004366STR,394575,1190192
2020-004367STR,607500,1805856
2020-004383STR,13318584,75307977
2020-004425STR,14255278,36140663
2020-004430STR,1665516,3071180
2020-004450STR,2374267,11298613
2020-004453STR,7923146,41781093
2020-004454STR,44449225,
2020-004454STR,44448811,
2020-004456STR,37058182,
2020-004463STR,43431715,
2020-004473STR,18140914,125069867
2020-004487STR,1304068,7089140
2020-004496STR,17405370,20369590
2020-004511STR,32723815,6961330
2020-004562STR,39488743,120248703
2020-004565STR,39174656,
2020-004567STR,1245838,6789170
2020-004576STR,20933318,49425233
2020-004578STR,1667732,6913393
2020-004582STR,1992217,10271221
2020-004583STR,1309496,7118153
2020-004592STR,2611820,101521
2020-004594STR,2455313,12556651
2020-004605STR,3780418,16440881
2020-004640STR,39650805,11392468
2020-004641STR,16441272,66107483
2020-004652STR,2175930,11098043
2020-004653STR,32740903,669175
2020-004835STR,128230,634277
2020-004836STR,16208102,3916222
2020-004964STR,26747021,232759
2020-004972STR,20994570,2788584
2020-005000STR,8192881,6387932
2020-005008STR,3877462,20037498
2020-005080STR,5788099,30031657
2020-005084STR,7309811,601627
2020-005162STR,778520,529581
2020-005166STR,7035672,36886391
2020-005175STR,3042811,9708248
2020-005186STR,4365969,22662933
2020-005190STR,1752371,9218238
2020-005199STR,20805606,196335
2020-005201STR,6481492,23073793
2020-005207STR,41772072,7002631
2020-005214STR,15432669,12765917
2020-005216STR,9416254,5518159
2020-005231STR,28603195,132534885
2020-005233STR,424846,2112291
2020-005235STR,32620353,5611653
2020-005274STR,31450281,4346065
2020-005278STR,22388111,4555872
2020-005309STR,38404621,292551289
2020-005330STR,8356380,44046204
2020-005367STR,6374167,33217272
2020-005393STR,18615032,9314255
2020-005399STR,17501002,69222920
2020-005413STR,44280619,4920028
2020-005422STR,7327920,29638077
2020-005427STR,6007925,31111016
2020-005440STR,11531128,37917550
2020-005526STR,23550791,175969733
2020-005662STR,43412641,46107941
2020-005926STR,44419280,
2020-005928STR,45542268,
2020-005985STR,1107014,1743413
2020-006057STR,7689528,4037393
2020-006249STR,44379576,
2020-006249STR,44463603,
2020-006297STR,6887081,18197171
2020-006341STR,7902505,
2020-006361STR,10477793,
2020-006365STR,37390486,25062046
2020-006888STR,44394083,
2020-006942STR,10321776,
2020-006955STR,44382961,
2020-007031STR,10052512,
2020-007376STR,44262841,155667185
2020-007431STR,45423640,
2020-007755STR,14759973,
2020-007757STR,45202539,
2020-008062STR,45081117,
2020-008076STR,42989740,54810554
2020-008306STR,1123125,6161482
2020-008306STR,23433090,6161482
2020-008519STR,22483206,
2020-008678STR,45785640,
2020-009080STR,46221320,
2020-009113STR,,49532950
2020-009778STR,13735115,
2020-009780STR,15179182,
2020-009928STR,25260993,
2020-009939STR,46122296,
2020-010105STR,,13612996
2020-010130STR,,1792651
2020-010169STR,,24973603
2020-010222STR,10835637,
2020-010403STR,,92720638
2020-010652STR,27312690,
2020-010713STR,46527458,
2020-010713STR,46527458,
2020-010952STR,10808224,
2020-011090STR,21099478,
2020-011395STR,46091378,
2020-011397STR,45714287,
2020-011440STR,46563604,
2020-011440STR,46563604,
2020-011440STR,46563604,
2020-011958STR,6957662,
2020-012205STR,19150623,
2020-012205STR,33781225,
